{
  "entity_annotations": {
    "total": 3141,
    "unique_labels": 8,
    "avg_per_message": 4.954258675078864,
    "avg_length": 7.312957656797199
  },
  "claim_annotations": {
    "total": 1833,
    "unique_labels": 6,
    "avg_per_message": 2.891167192429022,
    "avg_length": 31.981451172940535
  }
}